{
    "188 grand street, 4th floor, new york, ny 10013": [],
    "3052 orchard drive": [
        41.58795112121212,
        -93.7463234949495
    ],
    "3052 orchard drive san jose": [
        37.3947527,
        -121.93662617623062
    ],
    "7 curtain rd": [
        36.020659,
        -84.428202
    ],
    "abbot kinney": [
        33.9880522,
        -118.4579623
    ],
    "albuquerque": [
        35.0841034,
        -106.6509851
    ],
    "alexandria, va": [
        38.8051095,
        -77.0470229
    ],
    "annapolis": [
        38.9786401,
        -76.492786
    ],
    "anywhere": [
        47.6246246,
        -122.3293518
    ],
    "arlington": [
        32.701938999999996,
        -97.10562379033699
    ],
    "atlanta": [
        33.7490987,
        -84.3901849
    ],
    "atlanta office": [
        33.7490987,
        -84.3901849
    ],
    "aurora": [
        41.7571701,
        -88.3147539
    ],
    "austin": [
        30.2711286,
        -97.7436995
    ],
    "baltimore": [
        39.2908816,
        -76.610759
    ],
    "bangalore": [
        41.14921685,
        -73.24596201286921
    ],
    "baton rouge": [
        30.4459596,
        -91.18738
    ],
    "bay area california": [
        37.7884969,
        -122.3558473
    ],
    "beijing": [
        39.9510545,
        -75.198405
    ],
    "beijing/tokyo/singapore/seoul": [],
    "bellevue": [
        47.6144219,
        -122.1923372
    ],
    "bentonville": [
        36.3728538,
        -94.2088172
    ],
    "berlin": [
        44.469071,
        -71.185226
    ],
    "bermuda": [
        31.487386,
        -87.1883141
    ],
    "bismarck": [
        46.808327,
        -100.783739
    ],
    "blacksburg": [
        37.2296566,
        -80.4136767
    ],
    "boise": [
        43.6166163,
        -116.200886
    ],
    "boston": [
        42.3602534,
        -71.0582912
    ],
    "boulder": [
        40.0149856,
        -105.2705456
    ],
    "bowie": [
        33.4198886,
        -94.4479626
    ],
    "brisbane": [
        37.687165,
        -122.4027942
    ],
    "brooklyn": [
        40.6501038,
        -73.9495823
    ],
    "brooklyn navy yard": [
        40.6997716,
        -73.9753359
    ],
    "burlington": [
        44.4762975,
        -73.2135472
    ],
    "charleston": [
        32.7876012,
        -79.9402728
    ],
    "charlotte": [
        35.2272,
        -80.843083
    ],
    "chennai": [
        39.68668155,
        -104.90211352602623
    ],
    "chicago": [
        41.8755616,
        -87.6244212
    ],
    "cleveland, oh": [
        41.5051613,
        -81.6934446
    ],
    "colorado springs": [
        38.8339578,
        -104.8253485
    ],
    "columbus": [
        39.9622601,
        -83.0007065
    ],
    "concord": [
        43.207178,
        -71.537476
    ],
    "connecticut": [
        41.6500201,
        -72.7342163
    ],
    "corpus christi": [
        27.7477253,
        -97.4014129
    ],
    "dallas": [
        32.7762719,
        -96.7968559
    ],
    "dekalb county": [
        41.8903447,
        -88.7713953
    ],
    "delray beach": [
        26.4614625,
        -80.0728201
    ],
    "denver": [
        39.7392364,
        -104.9848623
    ],
    "denver or san francisco": [
        35.6160672,
        -106.025193
    ],
    "des moines": [
        41.5910641,
        -93.6037149
    ],
    "detroit": [
        42.3315509,
        -83.0466403
    ],
    "dublin, ireland": [
        38.417587,
        -86.996934
    ],
    "dublin, ireland ": [
        38.417587,
        -86.996934
    ],
    "durham": [],
    "eau claire": [
        44.811349,
        -91.4984941
    ],
    "el segundo": [
        33.917028,
        -118.4156337
    ],
    "flagstaff": [
        35.1987522,
        -111.6518229
    ],
    "flexible": [
        35.2587168,
        -113.9444864
    ],
    "fort wayne": [
        41.0799898,
        -85.1386015
    ],
    "fort worth": [
        32.753177,
        -97.3327459
    ],
    "gainesville": [
        29.6519684,
        -82.3249846
    ],
    "gardena": [
        33.8963593,
        -118.3053037
    ],
    "greenwich": [
        41.0264862,
        -73.6284598
    ],
    "gurgaon": [],
    "gwinnett county": [
        33.9566869,
        -84.0227467
    ],
    "harrisburg": [
        40.2663107,
        -76.8861122
    ],
    "hartford": [
        41.764582,
        -72.6908547
    ],
    "helena": [
        46.5927425,
        -112.0362771
    ],
    "henry county": [
        41.3418549,
        -90.1177442
    ],
    "herzliya": [],
    "hong kong": [
        18.3848631,
        -65.8285201
    ],
    "houston": [
        29.7589382,
        -95.3676974
    ],
    "huntsville": [
        34.729847,
        -86.5859011
    ],
    "indianapolis": [
        39.7683331,
        -86.1583502
    ],
    "iowa": [
        41.9216734,
        -93.3122705
    ],
    "ireland": [
        38.4147739,
        -86.9994455
    ],
    "irvine": [
        33.6856969,
        -117.8259819
    ],
    "jackson": [
        32.2990384,
        -90.1847691
    ],
    "jacksonville": [
        30.3321838,
        -81.655651
    ],
    "jopwell hq (manhattan)": [],
    "juneau": [
        58.3019496,
        -134.419734
    ],
    "kahului": [
        20.8747708,
        -156.4529829390927
    ],
    "kansas city": [
        39.100105,
        -94.5781416
    ],
    "kentucky": [
        37.5726028,
        -85.1551411
    ],
    "kirkland, washington, united states": [],
    "las vegas": [
        36.1672559,
        -115.1485163
    ],
    "lenexa": [
        38.9697458,
        -94.7845837
    ],
    "lexington": [
        38.0464066,
        -84.4970393
    ],
    "lincoln": [
        40.8088861,
        -96.7077751
    ],
    "london": [
        37.1289771,
        -84.0832646
    ],
    "london ": [
        37.1289771,
        -84.0832646
    ],
    "london, england, united kingdom": [],
    "london, greater london, england, united kingdom, new york, ny, united states": [],
    "los angeles": [
        34.0536909,
        -118.2427666
    ],
    "los angeles ": [
        34.0536909,
        -118.2427666
    ],
    "los angeles or new york": [],
    "los angeles or seattle": [],
    "louisville": [
        38.2542376,
        -85.759407
    ],
    "madison": [
        43.074761,
        -89.3837613
    ],
    "manchester, england, united kingdom": [],
    "manhattan": [
        40.7896239,
        -73.9598939
    ],
    "mclean": [
        40.4631789,
        -88.8196613
    ],
    "melbourne": [
        28.0836269,
        -80.6081089
    ],
    "mexico city": [
        40.437631249999995,
        -80.00053119743275
    ],
    "miami": [
        25.7742658,
        -80.1936589
    ],
    "milwaukee": [
        43.0349931,
        -87.922497
    ],
    "minneapolis": [
        44.9772995,
        -93.2654692
    ],
    "minnesota": [
        45.9896587,
        -94.6113288
    ],
    "moscow": [
        46.7323875,
        -117.0001651
    ],
    "mountain view": [
        37.3893889,
        -122.0832101
    ],
    "munich": [],
    "nashville": [
        36.1622296,
        -86.7743531
    ],
    "netherlands": [],
    "nevada": [
        39.5158825,
        -116.8537227
    ],
    "new jersey": [
        40.0757384,
        -74.4041622
    ],
    "new mexico": [
        34.5708167,
        -105.993007
    ],
    "new orleans": [
        29.9499323,
        -90.0701156
    ],
    "new providence": [
        42.2818138,
        -93.1711829
    ],
    "new york": [
        40.7127281,
        -74.0060152
    ],
    "new york city": [
        40.7127281,
        -74.0060152
    ],
    "new york city or los angeles or san francisco": [],
    "newport beach": [
        33.6170092,
        -117.9294401
    ],
    "noida": [],
    "northern new jersey": [
        40.08852665,
        -74.68458580402051
    ],
    "ny": [
        43.1561681,
        -75.8449946
    ],